Season,TeamName,Off_1,RankOff_1,Off_2,RankOff_2,Off_3,RankOff_3,Def_1,RankDef_1,Def_2,RankDef_2,Def_3,RankDef_3
2003,"Air Force",19.4635,200,39.5508,327,40.9857,4,23.9975,38,51.0025,222,25,227
2003,Akron,24.1655,29,55.1011,94,20.7334,294,20.3791,180,54.0284,108,25.5924,210
2003,Alabama,21.4286,123,51.1489,203,27.4226,148,19.1839,222,51.4043,209,29.4118,71
2003,"Alabama A&M",21.7927,104,46.9468,287,31.2605,61,21.2934,131,54.5741,91,24.1325,257
2003,"Alabama St.",16.7322,306,54.4638,111,28.804,112,24.3697,28,53.1092,146,22.521,296
2003,Albany,15.0596,325,48.8624,263,36.078,16,15.1887,324,58.7736,12,26.0377,192
2003,"Alcorn St.",20.2632,170,57.1053,55,22.6316,268,22.0058,94,55.3668,72,22.6274,295
2003,American,16.9764,305,43.3953,317,39.6283,6,16.532,308,53.0964,152,30.3716,50
2003,"Appalachian St.",22.6328,69,51.455,194,25.9122,189,17.3176,284,54.0235,110,28.6588,103
2003,Arizona,20.2202,173,54.6789,106,25.1009,210,15.9151,316,56.2334,43,27.8515,128
2003,"Arizona St.",22.8946,60,61.1088,10,15.9966,325,20.4577,171,56.2014,44,23.341,279
2003,Arkansas,19.3511,205,51.1008,204,29.5481,93,25.0671,20,49.168,269,25.7649,200
2003,"Arkansas Little Rock",22.1826,86,48.7506,265,29.0668,107,20.5403,167,53.9246,114,25.5352,213
2003,"Arkansas Pine Bluff",20.6422,158,53.211,147,26.1468,184,23.1584,50,51.1314,216,25.7102,204
2003,"Arkansas St.",22.2282,85,44.3483,312,33.4235,34,26.0055,8,47.3829,303,26.6116,171
2003,Army,15.9463,321,50.9687,209,33.0849,37,22.8216,61,39.4784,327,37.7001,4
2003,Auburn,18.5825,249,56.7848,65,24.6327,227,17.4574,277,51.3128,213,31.2298,37
2003,"Austin Peay",23.741,38,50.9764,207,25.2826,203,18.4953,251,53.605,127,27.8997,125
2003,"Ball St.",21.9191,96,56.1164,78,21.9645,276,26.1727,4,53.0469,156,20.7804,321
2003,Baylor,18.4265,257,42.1325,322,39.441,7,14.4648,325,61.7232,1,23.812,264
2003,Belmont,18.3342,261,47.8068,278,33.859,32,20.5051,168,51.3131,212,28.1818,116
2003,"Bethune Cookman",19.7836,187,53.7867,130,26.4297,173,21.3992,128,53.7723,120,24.8285,234
2003,Binghamton,16.2493,319,49.1931,257,34.5576,26,21.4885,124,54.169,103,24.3425,249
2003,"Birmingham Southern",23.6961,40,42.2902,321,34.0136,29,21.1058,142,53.7455,121,25.1486,223
2003,"Boise St.",22.1138,87,54.3089,114,23.5772,244,24.333,32,53.2551,141,22.412,298
2003,"Boston College",21.8928,98,55.5646,88,22.5426,269,20.4901,169,53.1474,145,26.3625,176
2003,"Boston University",20.9524,143,49.9048,239,29.1429,106,25.102,19,51.3265,211,23.5714,273
2003,"Bowling Green",26.7409,3,45.0139,305,28.2451,123,24.7509,22,48.3482,286,26.9009,159
2003,Bradley,22.7945,62,50.7392,214,26.4664,172,19.5331,209,49.738,252,30.7289,43
2003,Brown,24.5802,20,49.2537,253,26.166,183,17.5131,275,54.2952,99,28.1917,115
2003,Bucknell,24.0248,32,45.6966,300,30.2786,78,18.543,249,51.6556,201,29.8013,64
2003,Buffalo,19.8347,186,55.2066,92,24.9587,214,22.2057,85,54.2038,102,23.5905,272
2003,Butler,17.3352,292,45.4587,302,37.2061,12,15.803,317,59.1072,10,25.0898,226
2003,BYU,24.2714,26,48.1949,271,27.5337,145,26.2303,3,49.4094,264,24.3602,247
2003,"Cal Poly",20.7287,153,51.2063,202,28.065,130,21.9191,97,56.8924,32,21.1885,314
2003,"Cal St. Fullerton",20.1096,177,57.2055,51,22.6849,267,20.2276,187,48.4221,284,31.3502,36
2003,"Cal St. Northridge",21.6769,115,52.2495,170,26.0736,186,25.8427,10,48.1103,292,26.047,191
2003,California,17.7749,278,56.4103,71,25.8149,191,17.2731,288,52.0497,191,30.6771,45
2003,Campbell,19.7516,191,51.3306,197,28.9178,111,15.9292,315,55.4572,70,28.6136,104
2003,Canisius,16.4209,315,58.2613,31,25.3177,202,20.7831,155,50,246,29.2169,77
2003,Centenary,24.1538,30,57.9461,34,17.9002,317,20.8467,154,55.8414,51,23.3119,280
2003,"Central Connecticut",19.725,192,56.4781,70,23.7969,240,13.3582,327,57.9031,17,28.7387,99
2003,"Central Michigan",24.0574,31,50.2459,229,25.6967,196,20.8498,153,57.9939,15,21.1564,315
2003,"Charleston Southern",18.7872,236,63.3769,4,17.8359,318,21.6783,111,50,244,28.3217,112
2003,Charlotte,18.7406,239,46.3476,295,34.9118,23,17.5136,274,48.742,279,33.7444,11
2003,Chattanooga,21.745,107,50.2013,231,28.0537,131,16.8635,299,51.6769,200,31.4596,30
2003,"Chicago St.",19.5148,198,62.4473,5,18.038,316,23.6105,47,49.1774,268,27.2121,146
2003,Cincinnati,21.6479,116,48.1064,273,30.2456,79,21.9376,96,49.3318,266,28.7305,100
2003,Clemson,21.4509,122,57.4113,45,21.1378,289,18.9303,232,48.0336,295,33.0362,15
2003,"Cleveland St.",21.2291,131,51.8029,182,26.968,164,19.0801,227,54.5537,93,26.3661,175
2003,"Coastal Carolina",20.2401,171,53.5163,133,26.2436,178,24.656,25,54.3753,98,20.9686,318
2003,Colgate,15.7618,322,54.2907,117,29.9475,89,20.6583,161,56.1862,45,23.1555,284
2003,"College of Charleston",18.3908,258,43.9434,315,37.6658,11,21.2135,135,54.6566,89,24.1298,258
2003,Colorado,21.1227,136,59.0437,20,19.8337,303,18.1697,262,53.0431,158,28.7872,94
2003,"Colorado St.",23.1884,51,59.8155,16,16.996,322,21.6288,117,55.2737,76,23.0975,286
2003,Columbia,21.6418,117,47.9104,275,30.4478,73,21.778,106,46.1814,314,32.0406,23
2003,Connecticut,18.9931,222,58.5812,27,22.4256,272,21.6504,115,51.8077,197,26.5419,172
2003,"Coppin St.",19.7538,189,57.3538,48,22.8923,261,17.2654,289,43.4531,324,39.2816,2
2003,Cornell,18.3569,260,50.4493,219,31.1938,64,17.2805,286,47.0255,305,35.6941,6
2003,Creighton,17.4851,287,52.381,166,30.1339,82,18.347,256,59.3097,8,22.3433,301
2003,Dartmouth,17.1429,299,41.5584,324,41.2987,3,20.8955,150,46.6866,312,32.4179,20
2003,Davidson,19.1721,212,44.8802,308,35.9477,17,19.2459,216,49.184,267,31.5701,29
2003,Dayton,21.9523,95,46.8378,289,31.2099,63,18.6846,241,54.4096,97,26.9058,158
2003,Delaware,19.2965,206,50.2513,227,30.4523,72,20.5452,166,57.0419,31,22.4129,297
2003,"Delaware St.",18.9286,229,49.2857,251,31.7857,54,20.9467,147,54.9112,86,24.142,256
2003,Denver,20.4145,165,46.649,292,32.9365,39,19.0498,229,57.4661,25,23.4842,277
2003,DePaul,22.9348,59,57.3628,47,19.7024,304,21.2121,136,49.1228,272,29.6651,66
2003,Detroit,18.7075,241,62.1963,7,19.0962,308,22.3873,79,45.6233,320,31.9894,25
2003,Drake,23.1933,50,51.0924,205,25.7143,195,18.6536,242,54.9846,84,26.3618,177
2003,Drexel,18.9361,227,53.0991,150,27.9649,134,18.632,243,55.6406,59,25.7274,201
2003,Duke,23.87,34,48.786,264,27.344,150,21.671,112,57.4413,26,20.8877,320
2003,Duquesne,21.0395,137,53.4733,138,25.4873,199,21.7174,108,48.1599,291,30.1227,56
2003,"East Carolina",21.1429,133,58.6667,26,20.1905,299,18.568,246,52.3058,181,29.1262,82
2003,"East Tennessee St.",23.1461,53,57.1685,53,19.6854,305,19.5572,207,53.0443,157,27.3985,143
2003,"Eastern Illinois",19.8477,185,54.2115,119,25.9409,188,18.5463,248,54.6256,90,26.8282,164
2003,"Eastern Kentucky",20.9821,141,56.9196,62,22.0982,275,26.0465,7,50.2326,235,23.7209,268
2003,"Eastern Michigan",24.1742,28,57.0571,57,18.7688,309,19.0453,230,60.5593,4,20.3954,322
2003,"Eastern Washington",24.6667,16,55.3333,91,20,302,23.8,43,52.5,173,23.7,269
2003,Elon,19.2949,207,58.9744,21,21.7308,280,22.9106,59,50.263,234,26.8264,165
2003,Evansville,23.2653,47,51.6327,190,25.102,209,20.8919,151,45.9525,315,33.1556,13
2003,Fairfield,25.7169,8,55.7123,84,18.5708,312,22.9282,57,52.2099,183,24.8619,233
2003,"Fairleigh Dickinson",18.3286,262,46.6287,293,35.0427,22,19.5541,208,55.922,48,24.5239,242
2003,FIU,22.7191,65,58.6762,25,18.6047,311,21.5503,122,44.6399,323,33.8098,10
2003,Florida,17.351,291,47.9871,274,34.6618,25,16.2594,311,56.6729,37,27.0677,154
2003,"Florida A&M",22.7207,64,42.547,320,34.7323,24,20.7112,157,50.1682,236,29.1206,83
2003,"Florida Atlantic",17.8016,275,54.0483,121,28.1501,126,27.164,2,49.45,263,23.3859,278
2003,"Florida St.",17.8318,274,53.9007,127,28.2675,121,21.8135,103,45.6995,319,32.487,19
2003,Fordham,17.7901,276,50.3867,222,31.8232,53,23.0804,56,48.8117,278,28.1079,117
2003,"Fresno St.",18.5942,248,54.0379,122,27.3679,149,22.246,83,51.4439,208,26.3102,182
2003,Furman,18.9264,230,55.0083,98,26.0653,187,16.7879,301,55.3015,74,27.9106,124
2003,"Gardner Webb",13.2306,327,51.2221,201,35.5473,20,19.2179,219,53.6004,128,27.1817,147
2003,"George Mason",21.9064,97,57.1906,52,20.903,291,15.5254,321,57.379,28,27.0956,151
2003,"George Washington",24.9275,15,50.1449,233,24.9275,215,21.199,137,50.7434,228,28.0576,119
2003,Georgetown,25.1161,13,56.6563,68,18.2276,314,24.1102,35,52.6271,169,23.2627,281
2003,Georgia,19.5042,199,55.0982,95,25.3976,200,18.2692,259,53.9474,113,27.7834,130
2003,"Georgia Southern",18.5751,250,56.9975,58,24.4275,230,18.3078,258,48.8867,276,32.8055,16
2003,"Georgia St.",18.878,232,56.0976,79,25.0244,213,17.9387,267,55.2261,77,26.8352,163
2003,"Georgia Tech",19.4602,201,57.2921,50,23.2477,252,18.7991,236,52.933,159,28.2679,113
2003,Gonzaga,23.2604,48,48.7099,266,28.0297,132,18.824,234,48.5301,282,32.6459,17
2003,"Grambling St.",17.0266,301,56.7554,66,26.218,180,17.884,268,59.4068,7,22.7092,294
2003,"Green Bay",23.9222,33,53.2072,148,22.8707,262,20.4568,172,48.858,277,30.6852,44
2003,Hampton,20.8022,148,54.291,116,24.9067,216,25.2422,16,53.1008,149,21.657,308
2003,Hartford,19.9889,182,56.9214,61,23.0897,255,20.3878,179,52.1884,184,27.4238,141
2003,Harvard,16.9935,303,50,237,33.0065,38,21.8816,101,46.723,311,31.3953,33
2003,Hawaii,20.7339,152,55.5963,87,23.6697,243,18.9605,231,60.8277,3,20.2117,323
2003,"High Point",19.2432,209,57.0811,56,23.6757,242,18.7933,237,55.6874,57,25.5193,214
2003,Hofstra,16.2991,318,51.7483,186,31.9527,51,21.7285,107,52.0508,190,26.2207,184
2003,"Holy Cross",22.5108,78,54.5455,109,22.9437,258,20.3977,178,52.8409,162,26.7614,168
2003,Houston,17.3513,290,53.9546,125,28.6941,116,16.9364,296,54.2611,100,28.8026,93
2003,Howard,20.765,150,54.6448,108,24.5902,229,20.2746,182,49.7941,249,29.9314,61
2003,Idaho,19.9282,184,53.86,129,26.2118,182,19.1725,225,55.4779,66,25.3497,218
2003,"Idaho St.",18.9927,223,57.7125,40,23.2949,249,23.153,51,49.5317,262,27.3153,144
2003,Illinois,18.2998,263,52.4288,165,29.2714,103,23.5533,48,47.2081,304,29.2386,76
2003,"Illinois Chicago",17.5111,286,57.4222,44,25.0667,212,20.902,149,51.6004,204,27.4976,140
2003,"Illinois St.",16.6044,311,53.2835,141,30.1121,83,21.0319,144,51.1057,219,27.8624,127
2003,Indiana,22.9798,56,44.9495,306,32.0707,50,20.7018,159,58.2456,13,21.0526,316
2003,"Indiana St.",17.7816,277,56.4894,69,25.729,194,18.6948,240,56.7223,36,24.5829,241
2003,Iona,22.6311,70,54.4618,112,22.9071,260,25.4703,13,50.3618,233,24.1679,254
2003,Iowa,23.4937,43,56.0486,80,20.4577,295,16.7476,303,53.1068,147,30.1456,55
2003,"Iowa St.",17.3333,293,57.8095,37,24.8571,219,21.1877,138,55.5611,61,23.2511,282
2003,IPFW,21.3455,127,48.4573,268,30.1973,80,19.8735,198,55.4652,69,24.6612,237
2003,IUPUI,22.3549,82,50.5119,216,27.1331,156,17.3765,281,54.2589,101,28.3646,111
2003,"Jackson St.",22.8195,61,49.4929,249,27.6876,139,25.9952,9,50.8393,226,23.1655,283
2003,Jacksonville,19.6078,196,58.4967,28,21.8954,278,17.229,290,55.9305,47,26.8405,162
2003,"Jacksonville St.",19.0345,220,49.931,238,31.0345,68,23.1433,53,52.7072,167,24.1495,255
2003,"James Madison",18.507,253,53.1882,149,28.3048,120,21.7936,104,53.1062,148,25.1002,225
2003,Kansas,18.9355,228,63.4596,3,17.6049,319,16.0581,313,53.6929,122,30.249,51
2003,"Kansas St.",18.5735,251,57.1565,54,24.27,233,20.7557,156,49.7733,251,29.471,69
2003,"Kent St.",19.4056,202,52.0105,175,28.5839,117,21.0771,143,48.2823,288,30.6407,47
2003,Kentucky,18.7635,238,58.8066,23,22.4299,271,19.2291,218,53.3564,135,27.4145,142
2003,"La Salle",24.634,18,47.6527,279,27.7133,138,22.0183,93,46.8373,309,31.1444,39
2003,Lafayette,19.1597,214,49.7479,243,31.0924,65,16.7918,300,51.1803,214,32.0279,24
2003,Lamar,22.5519,75,50.9199,210,26.5282,171,21.8203,102,52.6254,170,25.5543,212
2003,Lehigh,21.747,106,53.494,134,24.759,223,20.3134,181,51.8385,196,27.8481,129
2003,Liberty,27.4737,1,47.2632,283,25.2632,204,20.6349,162,53.1746,143,26.1905,186
2003,Lipscomb,25.1306,12,42.1108,323,32.7586,41,18.7012,239,55.6641,58,25.6348,207
2003,"LIU Brooklyn",18.6965,242,57.7545,39,23.549,245,20.5908,164,56.261,42,23.1481,285
2003,"Long Beach St.",22.5569,74,49.7849,240,27.6583,142,22.5773,72,53.299,139,24.1237,259
2003,"Louisiana Lafayette",19.1489,216,54.2327,118,26.6184,170,19.9211,196,53.1558,144,26.9231,157
2003,"Louisiana Monroe",21.3064,129,60.3421,12,18.3515,313,24.4368,27,54.5544,92,21.0088,317
2003,"Louisiana Tech",21.6804,114,56.9918,59,21.3278,286,23.8674,42,51.9337,193,24.1989,253
2003,Louisville,20.5207,160,48.2389,270,31.2404,62,26.1265,6,50.7965,227,23.0769,289
2003,"Loyola Chicago",20.5284,159,53.8761,128,25.5955,197,19.9654,194,53.8462,118,26.1884,188
2003,"Loyola Marymount",25.2961,10,57.5083,43,17.1956,320,25.034,21,52.1503,187,22.8158,292
2003,"Loyola MD",25.2269,11,47.5499,281,27.2232,153,18.8399,233,54.5364,95,26.6237,170
2003,LSU,17.5838,283,54.6862,105,27.73,137,17.4384,278,52.4138,180,30.1478,54
2003,Maine,15.0981,324,54.8566,102,30.0453,85,17.3067,285,52.1249,188,30.5684,48
2003,Manhattan,24.6262,19,53.4741,137,21.8997,277,25.1347,18,55.757,56,19.1083,326
2003,Marist,21.363,125,46.0126,297,32.6245,44,17.814,270,55.814,53,26.3721,174
2003,Marquette,22.5956,71,53.9977,123,23.4067,247,19.1972,221,51.4834,207,29.3194,74
2003,Marshall,22.0457,92,51.7378,187,26.2165,181,21.1205,140,54.9331,85,23.9465,262
2003,Maryland,18.8511,233,56.3916,73,24.7573,224,21.8946,99,47.9459,298,30.1595,52
2003,"Maryland Eastern Shore",18.9773,224,43.1818,318,37.8409,10,24.35,30,56.6,39,19.05,327
2003,Massachusetts,18.4884,255,54.3023,115,27.2093,154,22.0918,90,50.3735,232,27.5347,137
2003,"McNeese St.",20.1622,174,49.5135,248,30.3243,77,23.9429,39,53.0655,155,22.9915,291
2003,Memphis,20.0717,179,51.7025,189,28.2258,124,20.2709,183,53.0858,153,26.6433,169
2003,Mercer,21.1345,135,53.065,152,25.8005,192,15.7199,318,54.1626,105,30.1175,57
2003,"Miami FL",20.501,163,53.272,142,26.227,179,21.4657,126,50,245,28.5343,106
2003,"Miami OH",20.7487,151,46.7005,291,32.5508,47,24.3142,33,49.8753,247,25.8105,197
2003,Michigan,22.7053,67,50.0483,235,27.2464,151,21.6056,118,52.8246,163,25.5699,211
2003,"Michigan St.",23.8276,35,53.4854,136,22.6869,266,24.3584,29,48.0635,293,27.5782,135
2003,"Middle Tennessee St.",18.7141,240,52.9012,157,28.3847,119,22.763,63,47.7237,300,29.5133,68
2003,Milwaukee,19.2695,208,50.3778,223,30.3526,75,23.2934,49,51.107,218,25.5996,209
2003,Minnesota,20.7166,154,50,236,29.2834,102,22.5628,73,49.7233,253,27.7139,133
2003,Mississippi,20.3311,168,51.4227,195,28.2462,122,21.5601,120,54.7129,88,23.727,267
2003,"Mississippi St.",17.0153,302,58.8563,22,24.1283,237,17.2786,287,51.6199,202,31.1015,40
2003,"Mississippi Valley St.",15.102,323,44.7959,309,40.102,5,19.7307,201,54.4795,96,25.7897,198
2003,Missouri,16.6178,310,51.7371,188,31.645,55,18.5849,245,54.5455,94,26.8697,161
2003,Monmouth,22.3485,83,48.9177,261,28.7338,115,16.1874,312,48.9883,273,34.8243,7
2003,Montana,19.1086,217,47.2336,284,33.6578,33,23.1306,54,49.3519,265,27.5174,139
2003,"Montana St.",21.4603,121,48.6349,267,29.9048,90,15.6995,319,57.1778,29,27.1228,148
2003,"Morehead St.",20.5128,161,56.7005,67,22.7866,264,16.7432,304,55.5385,63,27.7182,132
2003,"Morgan St.",21.8007,102,51.7956,183,26.4036,174,20.9765,146,55.425,71,23.5986,271
2003,"Morris Brown",21.9765,93,52.9371,156,25.0864,211,19.4046,213,53.473,132,27.1224,149
2003,"Mount St. Mary's",21.8076,101,46.8805,288,31.312,60,24.0298,37,49.6544,257,26.3158,180
2003,"Murray St.",18.0604,269,54.9233,100,27.0163,161,20.2343,186,53.8871,115,25.8786,195
2003,Navy,20.6431,157,50.418,221,28.9389,110,21.2209,134,50,243,28.7791,95
2003,Nebraska,20.4459,164,57.8575,36,21.6966,281,20.402,177,51.8593,195,27.7387,131
2003,Nevada,25.7789,6,50.2774,226,23.9437,238,22.1072,89,56.5511,40,21.3417,311
2003,"New Hampshire",22.7372,63,44.711,310,32.5518,46,18.8192,235,54.059,107,27.1218,150
2003,"New Mexico",22.5652,73,43.4274,316,34.0075,30,19.1808,223,53.8462,117,26.973,156
2003,"New Mexico St.",21.6903,112,54.4211,113,23.8886,239,18.4127,254,55.873,50,25.7143,203
2003,"New Orleans",21.7368,108,55.0879,96,23.1753,253,17.0449,293,53.8259,119,29.1293,81
2003,Niagara,23.3472,46,56.4031,72,20.2497,298,20.1843,188,51.0599,221,28.7558,97
2003,"Nicholls St.",20.3451,167,50.3235,224,29.3314,98,20.6652,160,53.6532,125,25.6816,205
2003,"Norfolk St.",22.4535,80,56.1884,76,21.3582,284,22.0276,92,49.1507,271,28.8217,92
2003,"North Carolina",17.1949,297,48.336,269,34.4691,27,17.1348,291,55.7785,55,27.0867,153
2003,"North Carolina A&T",17.5727,284,52.4652,164,29.9621,88,18.5503,247,49.69,255,31.7597,27
2003,"North Carolina St.",21.7275,110,45.1469,304,33.1256,36,22.5425,74,52.0794,189,25.3781,216
2003,"North Texas",21.1699,132,53.9276,126,24.9025,217,25.6783,11,48.4496,283,25.8721,196
2003,Northeastern,19.0635,219,52.8428,161,28.0936,128,24.0362,36,49.6906,254,26.2732,183
2003,"Northern Arizona",16.6309,308,49.2489,254,34.1202,28,20.0107,192,50.6937,229,29.2956,75
2003,"Northern Illinois",20.9917,140,51.8999,177,27.1084,157,22.9205,58,47.9667,297,29.1128,84
2003,"Northern Iowa",17.6805,281,46.5037,294,35.8158,18,17.4663,276,53.5849,129,28.9488,87
2003,Northwestern,20.3194,169,46.8062,290,32.8744,40,19.5276,210,52.9134,160,27.5591,136
2003,"Northwestern St.",22.9489,57,60.9988,11,16.0523,324,26.1346,5,52.5822,171,21.2833,312
2003,"Notre Dame",21.3596,126,47.1025,286,31.5379,56,16.0479,314,57.5908,22,26.3614,178
2003,Oakland,22.7137,66,51.7893,184,25.497,198,17.9619,266,53.3196,138,28.7185,101
2003,Ohio,23.7962,37,50.1169,234,26.087,185,18.4821,252,52.8571,161,28.6607,102
2003,"Ohio St.",25.7421,7,51.4842,193,22.7737,265,21.3527,129,45.6039,321,33.0435,14
2003,Oklahoma,18.2274,266,50.4181,220,31.3545,59,20.1372,189,57.8148,20,22.048,302
2003,"Oklahoma St.",21.0254,138,57.667,41,21.3076,287,21.7054,110,53.3333,137,24.9612,228
2003,"Old Dominion",21.512,120,52.1401,172,26.348,177,20.9862,145,50.1147,239,28.8991,89
2003,"Oral Roberts",24.5503,21,45.4059,303,30.0438,86,21.643,116,55.6082,60,22.7488,293
2003,Oregon,19.7099,193,47.8245,277,32.4656,48,22.4145,77,53.9761,112,23.6094,270
2003,"Oregon St.",22.9418,58,56.9704,60,20.0878,300,15.5117,322,56.5032,41,27.9851,121
2003,Pacific,18.6349,246,50.4875,217,30.8776,70,23.1061,55,47.5108,302,29.3831,72
2003,Penn,18.9479,226,42.5945,319,38.4576,8,19.6907,203,48.5425,281,31.7668,26
2003,"Penn St.",18.12,268,52.6614,162,29.2186,105,21.7157,109,55.1961,79,23.0882,288
2003,Pepperdine,16.7198,307,53.2118,146,30.0683,84,16.9238,298,53.539,130,29.5372,67
2003,Pittsburgh,19.3692,203,55.3983,90,25.2325,207,21.2276,133,51.7647,198,27.0077,155
2003,Portland,24.2607,27,44.3593,311,31.3801,58,25.5308,12,50.0506,241,24.4186,246
2003,"Portland St.",23.4923,44,51.8934,179,24.6143,228,24.3341,31,53.8741,116,21.7918,305
2003,"Prairie View A&M",23.0167,55,55.8276,83,21.1557,288,18.5239,250,50.0724,240,31.4038,32
2003,Princeton,17.217,296,47.4057,282,35.3774,21,22.2085,84,47.9951,296,29.7964,65
2003,Providence,21.7163,111,51.2259,200,27.0578,159,20.444,173,54.8566,87,24.6994,236
2003,Purdue,26.3915,4,51.7625,185,21.846,279,22.602,71,52.7551,166,24.6429,238
2003,Quinnipiac,20.3748,166,52.9553,154,26.6699,169,22.1145,87,54.0252,109,23.8603,263
2003,Radford,22.3455,84,48.1775,272,29.477,94,21.9091,98,52.4545,179,25.6364,206
2003,"Rhode Island",22.515,77,53.3518,140,24.1331,236,20.8526,152,51.0658,220,28.0816,118
2003,Rice,22.0641,91,52.1607,171,25.7753,193,22.6078,70,52.7865,165,24.6057,240
2003,Richmond,20.2223,172,49.7618,241,30.0159,87,21.3142,130,48.0398,294,30.6461,46
2003,Rider,18.5067,254,50.4533,218,31.04,67,21.6667,113,49.5833,261,28.75,98
2003,"Robert Morris",18.6009,247,50.9761,208,30.423,74,16.7868,302,53.2441,142,29.9691,60
2003,Rutgers,19.0074,221,51.5312,192,29.4615,95,24.7412,23,49.793,250,25.4658,215
2003,"Sacramento St.",21.3428,128,52.2926,168,26.3646,176,22.8809,60,55.071,82,22.048,303
2003,"Sacred Heart",15.0259,326,57.9275,35,27.0466,160,21.1814,139,55.2838,75,23.5348,275
2003,"Saint Joseph's",19.9905,181,46.0445,296,33.9649,31,22.4215,76,49.6637,256,27.9148,123
2003,"Saint Louis",18.8358,235,53.4871,135,27.6771,141,22.0637,91,52.5796,172,25.3568,217
2003,"Saint Mary's",25.949,5,49.714,244,24.337,231,25.3834,14,51.6129,203,23.0037,290
2003,"Saint Peter's",17.3077,294,54.6904,104,28.0019,133,22.6148,68,52.4735,178,24.9117,231
2003,"Sam Houston St.",23.1811,52,49.5735,246,27.2454,152,22.144,86,51.8679,194,25.9881,193
2003,Samford,16.3241,317,40.8691,326,42.8068,1,19.0639,228,52.1689,185,28.7671,96
2003,"San Diego",23.6111,42,48.8889,262,27.5,146,17.6358,272,54.1086,106,28.2556,114
2003,"San Diego St.",19.6992,194,55.6391,85,24.6617,225,22.6598,65,48.1841,290,29.156,80
2003,"San Francisco",17.3779,289,52.8535,159,29.7686,92,20.602,163,55.1116,81,24.2865,251
2003,"San Jose St.",18.7687,237,62.0442,8,19.1871,307,22.3795,80,49.1614,270,28.4591,108
2003,"Santa Clara",20.8189,146,50.9804,206,28.2007,125,21.779,105,45.7143,318,32.5067,18
2003,"Savannah St.",17.4782,288,61.1735,9,21.3483,285,30.0293,1,48.7305,280,21.2402,313
2003,"Seton Hall",20.7984,149,58.3539,29,20.8477,292,21.6625,114,53.0982,151,25.2393,222
2003,Siena,24.4676,22,51.357,196,24.1754,235,24.1119,34,46.9805,307,28.9076,88
2003,SMU,23.7071,39,53.3638,139,22.9291,259,18.2609,260,50.1602,237,31.5789,28
2003,"South Alabama",18.3707,259,48.9885,260,32.6408,43,18.2014,261,55.4658,68,26.3328,179
2003,"South Carolina",19.1952,210,57.3138,49,23.491,246,19.9681,193,52.1508,186,27.881,126
2003,"South Carolina St.",24.4415,23,53.9768,124,21.5818,282,22.4536,75,46.9896,306,30.5568,49
2003,"South Florida",17.7708,279,55.4154,89,26.8139,166,19.6232,205,51.1774,215,29.1994,78
2003,"Southeast Missouri St.",16.9783,304,52.855,158,30.1668,81,17.8437,269,57.7213,21,24.435,245
2003,"Southeastern Louisiana",21.8204,99,49.3766,250,28.803,113,23.6479,46,52.0138,192,24.3383,250
2003,Southern,16.5912,313,60.1359,13,23.2729,250,20.4787,170,57.9787,16,21.5426,310
2003,"Southern Illinois",18.2922,264,56.8704,63,24.8375,220,20.4255,175,52.4823,177,27.0922,152
2003,"Southern Miss",24.3424,25,57.5554,42,18.1021,315,17.8062,271,57.8455,19,24.3483,248
2003,"Southern Utah",19.954,183,52.0989,174,27.9471,135,20.582,165,41.7989,325,37.619,5
2003,"Southwest Missouri St.",22.579,72,58.001,33,19.42,306,24.6352,26,46.9136,308,28.4512,109
2003,"Southwest Texas St.",22.4638,79,44.3064,313,33.2298,35,22.4026,78,46.7532,310,30.8442,42
2003,"St. Bonaventure",17.1948,298,44.9208,307,37.8844,9,20.2466,184,49.597,258,30.1565,53
2003,"St. Francis NY",21.3941,124,49.2766,252,29.3292,100,22.797,62,53.6607,124,23.5423,274
2003,"St. Francis PA",19.7699,188,53.2427,145,26.9874,162,16.9309,297,61.2788,2,21.7903,306
2003,"St. John's",20.885,145,54.9214,101,24.1935,234,22.284,82,53.4645,133,24.2515,252
2003,Stanford,19.1552,215,51.8611,180,28.9837,109,21.435,127,53.2735,140,25.2915,220
2003,"Stephen F. Austin",22.3975,81,56.1514,77,21.4511,283,22.6163,67,48.9535,275,28.4302,110
2003,Stetson,21.2823,130,55.6034,86,23.1142,254,18.4623,253,52.4917,174,29.046,85
2003,"Stony Brook",23.459,45,56.2537,75,20.2873,297,16.3626,310,60.5473,5,23.0901,287
2003,Syracuse,20.0718,178,59.8923,15,20.0359,301,18.0698,264,52.4846,175,29.4456,70
2003,TCU,23.1128,54,49.2078,256,27.6794,140,18.7833,238,57.1048,30,24.1119,260
2003,Temple,16.3428,316,47.8799,276,35.7774,19,16.5999,305,41.4775,326,41.9226,1
2003,Tennessee,20.9596,142,51.6162,191,27.4242,147,19.9272,195,50.8845,225,29.1883,79
2003,"Tennessee Martin",17.5281,285,52.1348,173,30.3371,76,19.4503,211,55.814,52,24.7357,235
2003,"Tennessee St.",17.6177,282,53.6288,132,28.7535,114,21.8899,100,53.6628,123,24.4473,243
2003,"Tennessee Tech",24.3879,24,54.7081,103,20.904,290,23.7907,44,48.9635,274,27.2458,145
2003,Texas,22.5363,76,55.0038,99,22.4599,270,20.4348,174,53.4783,131,26.087,190
2003,"Texas A&M",20.1489,175,50.5211,215,29.33,99,18.5854,244,55.2195,78,26.1951,185
2003,"Texas A&M Corpus Chris",23.8217,36,60.041,14,16.1373,323,18.081,263,57.4735,24,24.4455,244
2003,"Texas Pan American",19.3569,204,55.8638,82,24.7793,222,20.9354,148,53.3408,136,25.7238,202
2003,"Texas Southern",23.6332,41,51.2346,199,25.1323,208,16.9599,295,50.9698,224,32.0704,22
2003,"Texas Tech",18.517,252,67.9903,1,13.4927,326,16.5631,307,53.4636,134,29.9734,59
2003,"The Citadel",21.1361,134,49.5376,247,29.3263,101,22.6503,66,50.5546,230,26.7951,166
2003,Toledo,17.6991,280,45.7227,299,36.5782,13,22.6138,69,52.2761,182,25.1101,224
2003,Towson,18.6675,243,59.0823,19,22.2502,274,17.0635,292,56.746,35,26.1905,187
2003,"Troy St.",16.5984,312,47.1311,285,36.2705,14,17.596,273,48.2633,289,34.1408,8
2003,Tulane,17.0812,300,58.2825,30,24.6363,226,18.3202,257,55.3045,73,26.3752,173
2003,Tulsa,18.6546,244,54.4779,110,26.8675,165,19.6752,204,54.0139,111,26.3109,181
2003,UAB,17.8923,271,56.862,64,25.2458,205,23.9401,40,51.1222,217,24.9377,230
2003,"UC Irvine",22.7038,68,51.9092,176,25.387,201,23.9368,41,48.4188,285,27.6445,134
2003,"UC Riverside",21.69,113,50.1663,232,28.1437,127,22.3715,81,53.6215,126,24.007,261
2003,"UC Santa Barbara",21.7328,109,45.5954,301,32.6718,42,22.1129,88,46.5044,313,31.3827,34
2003,UCF,20.5036,162,52.518,163,26.9784,163,21.5581,121,51.5434,205,26.8986,160
2003,UCLA,18.4778,256,58.6887,24,22.8336,263,19.693,202,50.4386,231,29.8684,63
2003,UMBC,20.6694,156,62.2431,6,17.0875,321,21.1141,141,47.5332,301,31.3528,35
2003,UMKC,17.2764,295,41.2602,325,41.4634,2,19.2026,220,49.5875,260,31.2099,38
2003,"UNC Asheville",22.092,89,50.3156,225,27.5924,144,19.2544,215,51.3724,210,29.3732,73
2003,"UNC Greensboro",16.5391,314,56.3553,74,27.1057,158,19.18,224,55.5137,64,25.3063,219
2003,"UNC Wilmington",17.8862,272,52.8455,160,29.2683,104,20.0215,191,50.993,223,28.9855,86
2003,UNLV,22.0655,90,54.6661,107,23.2684,251,20.4225,176,55.8099,54,23.7676,266
2003,USC,19.6514,195,56.0349,81,24.3137,232,21.6028,119,52.7875,164,25.6098,208
2003,"UT Arlington",21.5849,119,66.3513,2,12.0639,327,16.4497,309,55.503,65,28.0473,120
2003,Utah,20.0378,180,47.6371,280,32.3251,49,25.1553,17,52.4845,176,22.3602,299
2003,"Utah St.",21.8137,100,59.5098,17,18.6765,310,16.9791,294,55.0616,83,27.9593,122
2003,UTEP,19.0974,218,54.1552,120,26.7474,168,18.0366,265,53.0766,154,28.8868,90
2003,UTSA,24.6512,17,44.3023,314,31.0465,66,21.9434,95,57.8751,18,20.1815,324
2003,Valparaiso,21.969,94,55.0593,97,22.9717,257,20.2451,185,45.7843,317,33.9706,9
2003,Vanderbilt,19.1692,213,53.6537,131,27.1772,155,19.2731,214,55.4758,67,25.2511,221
2003,VCU,18.9098,231,55.1857,93,25.9045,190,20.7042,158,57.3831,27,21.9128,304
2003,Vermont,18.8399,234,57.8086,38,23.3515,248,16.5882,306,50.1308,238,33.281,12
2003,Villanova,22.1124,88,50.2472,228,27.6404,143,22.7377,64,45.8429,316,31.4194,31
2003,Virginia,18.2018,267,50.8772,212,30.9211,69,20.0432,190,54.1685,104,25.7883,199
2003,"Virginia Tech",20.6778,155,52.947,155,26.3752,175,19.9153,197,50,242,30.0847,58
2003,VMI,17.8592,273,59.1041,18,23.0366,256,23.6762,45,47.7597,299,28.5642,105
2003,Wagner,18.6434,245,53.2667,143,28.0899,129,17.4196,279,56.6464,38,25.934,194
2003,"Wake Forest",25.3317,9,50.9121,211,23.7562,241,19.4101,212,48.3349,287,32.255,21
2003,Washington,19.5396,197,58.2097,32,22.2506,273,23.1491,52,56.8608,33,19.9901,325
2003,"Washington St.",17.9433,270,45.8552,298,36.2015,15,21.4857,125,56.7936,34,21.7207,307
2003,"Weber St.",24.9775,14,50.2246,230,24.7978,221,17.3484,282,55.8896,49,26.762,167
2003,"West Virginia",16.2106,320,52.349,167,31.4404,57,17.4021,280,59.0977,11,23.5002,276
2003,"Western Carolina",20.8134,147,49.7608,242,29.4258,96,21.2432,132,52.6486,168,26.1081,189
2003,"Western Illinois",18.2687,265,53.2537,144,28.4776,118,17.3293,283,55.1478,80,27.5229,138
2003,"Western Kentucky",18.9596,225,49.1831,258,31.8573,52,19.8682,199,59.2279,9,20.904,319
2003,"Western Michigan",21.7573,105,52.9986,153,25.2441,206,24.6951,24,51.5244,206,23.7805,265
2003,"Wichita St.",21.6041,118,49.0496,259,29.3463,97,19.2435,217,49.8345,248,30.922,41
2003,"William & Mary",19.1773,211,51.8066,181,29.0161,108,15.3285,323,45.5683,322,39.1032,3
2003,Winthrop,19.7531,190,49.6914,245,30.5556,71,21.5169,123,49.5966,259,28.8865,91
2003,Wisconsin,20.1333,176,53.0667,151,26.8,167,15.5345,320,59.505,6,24.9605,229
2003,Wofford,16.6304,309,50.7609,213,32.6087,45,19.5935,206,58.0511,14,22.3554,300
2003,"Wright St.",20.9111,144,51.2623,198,27.8266,136,19.8267,200,55.5556,62,24.6177,239
2003,Wyoming,27.361,2,52.2507,169,20.3883,296,19.1257,226,56.0109,46,24.8634,232
2003,Xavier,23.2071,49,51.8936,178,24.8993,218,13.9953,326,57.4941,23,28.5106,107
2003,Yale,20.9932,139,49.2099,255,29.7968,91,18.3756,255,51.7281,199,29.8963,62
2003,"Youngstown St.",21.7995,103,57.3671,46,20.8333,293,25.2671,15,53.0983,150,21.6346,309
