Season,TeamName,Tempo,RankTempo,AdjTempo,RankAdjTempo,OE,RankOE,AdjOE,RankAdjOE,DE,RankDE,AdjDE,RankAdjDE,Pythag,RankPythag
2002,Duke,76.8235,9,75.3001,13,115.743,2,117.739,1,89.6799,2,87.2954,1,0.968945,1
2002,Maryland,75.0191,21,75.0729,16,113.184,5,117.463,2,94.2676,30,90.0372,7,0.955121,2
2002,Cincinnati,68.3729,211,68.8475,200,113.161,6,115.806,6,87.165,1,89.509,5,0.950832,3
2002,Kansas,78.6022,5,78.2507,3,113.984,4,115.967,5,94.8922,38,90.0587,8,0.948226,4
2002,Oklahoma,69.1409,187,68.4741,210,111.303,13,112.676,17,92.7839,13,89.3382,3,0.935175,5
2002,Indiana,65.9149,280,66.8809,259,105.854,68,111.408,23,95.0971,45,89.5345,6,0.925089,6
2002,Florida,71.6153,92,71.1125,105,110.206,21,111.889,22,91.5768,9,91.0759,11,0.914268,7
2002,Illinois,70.2493,145,69.9893,149,109.986,23,112.655,19,96.3867,63,92.2906,19,0.908288,8
2002,Pittsburgh,66.1183,276,65.6035,290,107.311,47,110.26,35,90.3761,3,91.2273,12,0.898361,9
2002,Marquette,67.1697,248,66.0814,282,108.735,36,110.195,37,90.8488,5,91.6422,13,0.892841,10
2002,Oregon,73.4837,47,72.2824,65,115.76,1,115.566,7,98.0566,88,96.1475,54,0.8924,11
2002,Kentucky,70.4212,138,69.384,174,105.821,70,110.452,32,96.0554,58,91.9826,17,0.891319,12
2002,USC,71.7349,88,71.8426,84,107.295,48,110.314,34,95.9283,55,92.1722,18,0.887583,13
2002,"Kent St.",65.273,289,66.1658,279,114.918,3,114.814,8,97.4401,77,96.0539,50,0.886114,14
2002,Arizona,73.4525,50,72.2145,68,111.012,16,117.153,3,104.988,250,98.3014,97,0.882635,15
2002,Connecticut,71.4302,100,69.6261,167,106.981,58,110.234,36,95.0957,44,92.6916,22,0.880088,16
2002,"North Carolina St.",69.65,175,68.817,201,108.433,39,110.915,26,97.0659,71,93.6862,28,0.874506,17
2002,"Notre Dame",70.5814,131,70.2701,144,109.069,30,114.103,11,96.0522,57,96.4791,58,0.87318,18
2002,Xavier,66.9572,256,68.3552,212,107.715,43,108.504,48,93.6713,23,91.9602,16,0.870175,19
2002,"South Carolina",67.2837,245,66.5755,271,100.937,155,103.709,111,91.3221,7,87.9283,2,0.869693,20
2002,"Ohio St.",66.4827,268,68.2377,216,110.67,18,114.476,10,97.2621,75,97.1299,71,0.868713,21
2002,"Mississippi St.",69.8431,166,69.2015,183,104.287,103,108.341,51,94.7631,37,91.9401,15,0.868496,22
2002,Stanford,71.4244,101,70.7927,115,111.896,11,113.475,14,100.35,152,96.6225,60,0.863998,23
2002,Gonzaga,70.9978,111,70.3034,140,112.105,9,113.358,16,93.9202,25,96.7753,63,0.860428,24
2002,Georgia,70.4465,136,70.4245,129,109.141,29,114.775,9,101.042,168,98.1578,93,0.85797,25
2002,Butler,62.5484,316,63.6062,313,110.952,17,108.969,42,91.1107,6,93.5134,27,0.853094,26
2002,Missouri,71.2573,106,71.5929,89,112.478,8,113.508,13,101.787,182,97.4464,80,0.852531,27
2002,Alabama,69.7639,171,69.7593,162,108.229,42,110.811,29,96.0457,56,95.1414,36,0.852368,28
2002,Texas,70.3386,141,69.7514,164,109.551,26,113.38,15,102.308,195,97.8625,84,0.844568,29
2002,"Wake Forest",73.0534,59,71.1564,104,111.214,14,116.875,4,104.724,247,100.894,159,0.844344,30
2002,"Texas Tech",72.4255,71,71.1716,102,108.763,35,112.454,20,98.1315,90,97.1952,74,0.842505,31
2002,UCLA,69.8234,168,69.3048,177,106.476,62,111.019,25,102.715,205,96.0632,52,0.840778,32
2002,Mississippi,67.0326,254,66.6309,270,106.943,60,110.484,31,96.3072,62,95.6745,42,0.83957,33
2002,"Michigan St.",64.8569,297,64.6593,300,106.964,59,110.415,33,98.7524,101,95.7009,43,0.838174,34
2002,Georgetown,73.7815,42,72.4324,60,105.754,72,108.418,50,93.5083,20,93.9805,30,0.837996,35
2002,California,68.639,204,67.8885,229,103.924,109,108.152,55,95.7726,54,93.8552,29,0.836243,36
2002,"Miami FL",70.7559,125,70.5698,124,104.514,98,108.12,57,93.9172,24,94.1564,31,0.830651,37
2002,Memphis,72.8354,62,72.4271,61,108.833,33,109.662,40,95.2728,47,95.8618,47,0.824442,38
2002,Tulsa,70.9358,117,70.7668,116,112.481,7,113.749,12,97.9973,85,99.8457,134,0.817461,39
2002,"Oklahoma St.",68.7194,199,67.3852,240,103.677,113,104.214,104,93.2924,17,91.8648,14,0.810077,40
2002,Hawaii,67.2227,246,67.2954,244,107.532,44,108.699,44,94.6686,35,95.9972,49,0.80675,41
2002,Minnesota,68.9415,190,70.4713,128,108.689,37,110.827,28,100.814,161,98.1299,90,0.802067,42
2002,Charlotte,68.3234,214,68.2922,214,106.987,57,110.896,27,100.019,143,98.275,96,0.800508,43
2002,Dayton,66.5516,267,68.1669,218,109.279,28,110.103,38,95.5538,51,97.6933,82,0.798221,44
2002,Wisconsin,63.9955,309,64.5905,301,103.011,123,108.471,49,101.472,175,96.4286,57,0.794665,45
2002,"Western Kentucky",69.1013,188,69.0623,189,108.667,38,106.892,67,93.395,18,95.1483,37,0.792226,46
2002,Temple,63.7868,310,63.1337,318,108.311,41,112.123,21,103.14,215,99.9685,138,0.789101,47
2002,Villanova,68.3588,213,68.757,204,101.98,144,103.507,114,95.5098,50,92.3515,20,0.787757,48
2002,"Southern Illinois",70.5104,133,72.0471,75,107.108,53,106.64,72,95.4875,49,95.1609,38,0.787465,49
2002,Utah,62.546,317,63.3084,316,107.166,49,108.134,56,98.3722,95,96.7247,62,0.782837,50
2002,Valparaiso,69.9878,159,70.3579,136,110.048,22,108.815,43,94.7085,36,97.3505,77,0.782506,51
2002,"UNC Wilmington",64.5716,302,65.0892,294,104.286,104,105.781,82,94.4422,32,94.807,32,0.778959,52
2002,Penn,65.7185,285,67.0604,254,109.609,24,107.652,60,95.0957,43,96.5181,59,0.778252,53
2002,"Ball St.",70.0973,155,70.4106,133,110.367,20,110.603,30,101.603,178,99.4379,123,0.772723,54
2002,Iowa,68.9571,189,70.3592,135,105.192,85,106.765,71,99.0045,108,96.0552,51,0.77129,55
2002,Arkansas,73.5414,46,73.0308,51,100.703,162,106.131,77,98.6219,98,95.7365,44,0.765908,56
2002,Creighton,67.8716,230,68.0531,223,109.031,31,109.79,39,98.9481,106,99.0644,114,0.76534,57
2002,Syracuse,70.8618,122,70.7176,120,101.536,149,102.867,123,94.1838,29,92.8525,24,0.764565,58
2002,"Bowling Green",66.3617,273,67.6586,232,109.359,27,108.61,45,100.11,146,98.051,88,0.76426,59
2002,Virginia,74.0069,31,71.2606,99,107.016,56,109.558,41,100.93,166,98.9453,110,0.763461,60
2002,Tennessee,68.6627,203,67.9945,225,102.536,131,107.417,62,102.035,187,97.1281,70,0.760957,61
2002,"Louisiana Tech",67.6101,237,67.4276,239,105.148,87,108.506,47,97.4788,78,98.1659,94,0.759814,62
2002,Pepperdine,73.9201,37,73.6503,41,107.146,51,108.236,53,99.8459,138,97.9429,86,0.759369,63
2002,"Georgia Tech",73.4532,49,71.8511,81,104.195,106,108.572,46,103.826,230,98.6917,104,0.749744,64
2002,Wyoming,69.4902,177,69.918,155,104.873,91,105.041,92,97.2105,74,95.8303,45,0.741808,65
2002,LSU,67.3691,243,66.2922,277,100.689,163,102.302,130,95.0177,40,93.4922,26,0.738008,66
2002,Louisville,74.025,30,73.6922,40,102.02,142,106.251,76,96.8981,68,97.3306,76,0.732717,67
2002,BYU,65.3051,287,66.8346,262,105.304,84,106.087,78,99.0794,113,97.1816,73,0.732681,68
2002,"Tennessee Tech",69.2962,181,68.1419,220,110.58,19,107.545,61,99.4153,125,98.7453,106,0.727436,69
2002,"Boston College",70.4841,134,70.4157,132,103.256,117,106.287,75,99.5777,131,97.6522,81,0.725997,70
2002,"Saint Joseph's",68.2515,220,68.7056,205,111.028,15,111.292,24,105.325,258,102.499,191,0.720416,71
2002,"Arizona St.",73.3757,51,73.1545,50,104.37,100,105.277,90,100.134,147,97.2878,75,0.712501,72
2002,"San Diego St.",70.9306,118,71.1694,103,102.683,126,103.814,110,99.6413,134,96.2563,55,0.704591,73
2002,Richmond,62.3875,318,61.8624,321,99.7924,185,102.194,136,97.6592,82,94.8714,34,0.701627,74
2002,"St. John's",71.6373,91,70.7431,119,97.296,233,99.9639,178,95.2144,46,92.831,23,0.700847,75
2002,"South Florida",74.1883,29,73.2915,46,102.92,124,104.795,95,99.0352,110,97.375,78,0.699417,76
2002,"College of Charleston",65.1344,291,63.6495,312,104.312,101,102.206,135,92.3612,10,95.2528,40,0.692158,77
2002,"St. Bonaventure",71.4494,99,73.2704,48,111.931,10,112.658,18,108.381,304,105.501,248,0.680241,78
2002,"UC Santa Barbara",63.3779,312,64.7651,297,105.707,73,105.568,85,97.1378,73,98.9714,111,0.677441,79
2002,"East Tennessee St.",76.2883,14,75.2989,14,102.845,125,104.125,106,96.9699,69,97.7324,83,0.674513,80
2002,"Utah St.",62.3248,319,64.4497,304,105.526,79,103.076,121,94.0166,27,96.8608,65,0.67156,81
2002,"McNeese St.",68.759,196,67.167,249,101.442,150,101.264,149,92.5331,11,95.2859,41,0.66814,82
2002,UNLV,72.3564,76,74.1926,27,105.684,74,107.657,59,101.907,184,101.439,167,0.664661,83
2002,Vanderbilt,70.5965,129,70.6257,122,101.208,153,104.027,108,102.658,203,98.4076,99,0.654444,84
2002,"Fresno St.",72.7963,63,73.8568,33,100.56,167,101.236,152,96.8299,65,95.8449,46,0.652331,85
2002,"Seton Hall",71.4939,97,69.9339,153,97.924,217,102.084,139,98.7877,102,96.8042,64,0.648114,86
2002,Colorado,74.4286,27,73.272,47,107.164,50,108.24,52,105.523,261,102.902,201,0.641436,87
2002,Milwaukee,71.8634,85,73.4914,44,102.672,127,102.168,137,98.0398,87,97.1336,72,0.641326,88
2002,Purdue,68.582,206,69.5743,168,103.171,119,106.4,73,104.309,239,101.181,163,0.640699,89
2002,Providence,73.0468,60,72.7503,57,96.8045,239,99.763,183,95.0322,41,94.8721,35,0.640625,90
2002,Northwestern,62.9664,313,63.1658,317,95.0225,263,97.085,225,94.1518,28,92.5209,21,0.635005,91
2002,"Saint Louis",67.1532,252,67.0793,252,93.4462,286,93.7266,280,93.0888,15,89.3974,4,0.632705,92
2002,Auburn,71.2696,105,71.7347,87,92.1664,298,95.0664,262,93.4108,19,90.7197,9,0.631396,93
2002,"New Mexico St.",70.351,139,69.424,171,106.485,61,107.02,65,100.837,164,102.312,186,0.626531,94
2002,"UC Irvine",64.8735,296,66.3852,273,105.603,76,105.297,89,99.1096,115,100.72,154,0.62506,95
2002,Rutgers,71.881,84,71.0402,110,93.6463,284,94.9717,264,91.5017,8,90.9537,10,0.621783,96
2002,Detroit,64.7674,300,64.485,303,100.858,158,102.296,131,99.2214,122,98.0036,87,0.620805,97
2002,UAB,70.2208,146,69.0732,187,99.3675,193,98.9421,200,95.4245,48,94.8412,33,0.619354,98
2002,"New Mexico",67.1546,251,68.1004,221,107.095,54,107.203,64,103.748,229,102.769,198,0.619095,99
2002,"Arkansas Little Rock",70.0963,156,70.4208,131,103.783,112,103.542,113,96.388,64,99.3274,119,0.617246,100
2002,"Louisiana Lafayette",70.9867,113,71.92,79,96.6719,241,96.9797,227,93.2373,16,93.0558,25,0.616561,101
2002,Nebraska,68.6728,201,68.3153,213,101.357,151,103.318,118,102.312,196,99.2743,116,0.612808,102
2002,Davidson,68.6668,202,66.5363,272,98.1415,212,99.9691,176,98.1137,89,96.1056,53,0.611412,103
2002,"UNC Greensboro",71.5625,94,70.0348,148,100.49,171,100.896,157,95.6957,53,96.9971,68,0.611392,104
2002,Houston,68.8096,193,67.2072,246,103.496,114,106.935,66,105.092,253,103.071,203,0.604255,105
2002,Washington,73.1246,55,72.8947,54,97.7968,223,102.115,138,105.617,264,98.5728,101,0.600134,106
2002,Pacific,64.7018,301,66.3596,275,107.437,45,106.378,74,100.442,155,102.743,197,0.59866,107
2002,Hampton,70.1629,149,70.2443,145,111.744,12,107.406,63,99.404,124,103.849,220,0.595631,108
2002,"Iowa St.",67.4299,242,67.1433,251,103.231,118,105.86,80,103.102,213,102.488,190,0.592012,109
2002,"Illinois Chicago",68.4529,209,68.8026,202,105.431,82,106.876,68,104.519,243,103.571,215,0.589364,110
2002,VCU,72.2522,79,71.8443,82,99.6787,187,100.424,166,94.5212,34,97.3788,79,0.587622,111
2002,"Southwest Missouri St.",65.8076,282,66.3305,276,105.916,67,104.134,105,101.925,185,100.996,161,0.587055,112
2002,"San Diego",70.4711,135,70.3104,138,104.682,94,105.369,88,100.575,158,102.222,185,0.586308,113
2002,"Oral Roberts",71.1239,110,71.7965,86,105.655,75,102.395,128,97.4955,79,99.3923,122,0.58474,114
2002,"Kansas St.",68.3597,212,67.3423,242,100.088,179,101.518,146,102.947,210,98.6367,103,0.582023,115
2002,Marist,70.1036,153,70.2878,141,105.849,69,104.003,109,96.2825,60,101.168,162,0.578793,116
2002,Manhattan,71.252,107,70.1666,147,104.618,95,102.054,140,93.5086,21,99.3184,118,0.577479,117
2002,SMU,69.5233,176,69.2758,180,104.297,102,104.118,107,102.246,191,101.349,166,0.576886,118
2002,Ohio,68.8812,191,69.0128,192,108.859,32,105.807,81,104.549,244,103.112,204,0.573621,119
2002,TCU,79.1292,4,78.204,4,106.087,65,106.803,70,105.556,263,104.148,230,0.571879,120
2002,"Loyola Chicago",70.1669,148,70.6699,121,102.52,132,101.026,155,99.6856,136,98.5974,102,0.569511,121
2002,"Georgia St.",70.2999,144,71.0855,107,108.341,40,106.031,79,103.316,218,103.495,212,0.569147,122
2002,Baylor,70.7756,124,69.8672,157,104.883,90,104.818,94,103.638,225,102.464,188,0.564948,123
2002,Nevada,72.4959,70,72.9237,53,100.095,178,101.541,145,99.1609,118,99.3444,120,0.562561,124
2002,"Western Michigan",68.1802,225,68.4608,211,105.526,78,105.487,86,103.684,227,103.311,209,0.559626,125
2002,Michigan,66.4825,269,66.8623,261,100.43,172,102.25,134,105.86,271,100.206,141,0.557813,126
2002,"Georgia Southern",76.4125,13,75.6331,11,104.725,93,104.783,96,99.3598,123,102.901,200,0.551915,127
2002,"Virginia Tech",70.1593,151,68.9042,197,98.4752,204,102.289,132,100.816,162,100.491,147,0.550831,128
2002,"Oregon St.",64.8292,298,63.4695,315,98.6791,201,99.8363,181,103.542,224,98.1428,91,0.549028,129
2002,"Miami OH",61.602,322,61.8552,322,101.631,147,103.388,115,105.917,273,101.679,175,0.547758,130
2002,"George Mason",68.2461,221,69.2456,182,102.282,137,102.363,129,97.8254,84,100.716,153,0.546485,131
2002,"Illinois St.",66.3871,272,67.3439,241,100.255,174,100.838,158,101.334,173,99.2164,115,0.546471,132
2002,Massachusetts,65.2743,288,65.3184,292,98.3053,206,99.7474,184,100.819,163,98.1447,92,0.546434,133
2002,"Montana St.",65.0871,292,64.7231,299,106.123,64,104.933,93,101.761,181,103.293,207,0.54515,134
2002,"Florida St.",71.3685,102,69.7577,163,100.606,166,103.356,117,103.092,212,101.75,180,0.544916,135
2002,"Central Connecticut",67.1669,250,65.5962,291,104.61,96,98.4301,209,92.9512,14,96.939,66,0.543774,136
2002,"North Carolina",72.6964,66,71.1983,101,99.0289,196,103.209,119,108.521,306,101.651,174,0.543599,137
2002,"Colorado St.",67.1735,247,68.0936,222,100.386,173,101.24,151,100.878,165,99.8155,131,0.540636,138
2002,Tulane,71.6088,93,70.5006,127,98.8326,198,102.021,141,102.839,207,100.676,152,0.538069,139
2002,Clemson,72.5471,68,71.1124,106,102.24,138,104.359,100,104.052,235,103.034,202,0.53668,140
2002,Oakland,70.3003,143,72.1884,71,105.356,83,105.616,84,104.346,240,104.436,236,0.532254,141
2002,Yale,72.3544,77,74.0407,30,103.105,122,100.947,156,96.2967,61,99.8634,135,0.530995,142
2002,Chattanooga,71.6888,89,71.0716,108,100.525,169,100.733,161,99.939,142,99.6574,128,0.530835,143
2002,"Wright St.",66.1562,275,66.7736,265,109.59,25,108.184,54,105.403,259,107.282,273,0.524057,144
2002,"La Salle",66.4441,271,67.9479,227,99.2452,194,101.407,147,102.089,188,100.884,158,0.514846,145
2002,Princeton,58.9398,325,59.1845,325,100.718,161,101.109,154,99.0114,109,100.624,149,0.513824,146
2002,"Murray St.",72.018,83,70.7478,118,106.166,63,104.392,99,103.694,228,104.103,228,0.507974,147
2002,"Weber St.",68.7323,198,69.7056,165,104.98,88,102.833,124,100.421,154,102.603,194,0.506454,148
2002,UCF,70.6301,127,71.2992,96,107.125,52,101.743,142,99.9182,140,101.608,173,0.503834,149
2002,Toledo,67.4535,241,67.455,237,98.1712,211,97.0143,226,100.202,149,96.9967,67,0.500521,150
2002,Delaware,66.97,255,67.7503,231,99.4478,191,100.825,159,99.7722,137,100.864,157,0.498887,151
2002,"Holy Cross",64.2656,308,63.5039,314,97.8155,221,96.6577,234,92.7107,12,96.7105,61,0.498429,152
2002,"Troy St.",69.9474,162,70.3529,137,105.807,71,102.265,133,101.682,180,102.365,187,0.497203,153
2002,"Arkansas St.",66.698,261,65.6219,289,103.962,108,101.566,144,99.0673,112,101.748,179,0.494842,154
2002,"The Citadel",69.4813,178,68.5402,208,102.168,140,103.098,120,100.055,145,103.392,211,0.491813,155
2002,"Southern Miss",66.8577,258,65.9829,285,92.1044,300,95.9595,246,98.9948,107,96.3345,56,0.488789,156
2002,Rider,69.971,160,69.94,151,100.036,180,97.7908,214,93.6278,22,98.1869,95,0.48838,157
2002,"San Francisco",70.162,150,69.386,173,100.008,182,100.13,170,101.64,179,100.599,148,0.486555,158
2002,"North Texas",73.0962,58,73.8465,34,104.921,89,105.628,83,106.422,280,106.453,260,0.477641,159
2002,UTSA,73.9114,38,73.7836,37,103.158,120,100.507,164,96.8771,67,101.314,164,0.477013,160
2002,Marshall,70.341,140,71.2891,97,107.404,46,107.815,58,111.288,317,108.721,292,0.475955,161
2002,Siena,69.194,185,67.9333,228,98.7878,199,98.9974,197,97.0036,70,99.8407,133,0.475632,162
2002,"Wichita St.",67.6432,235,68.5001,209,105.954,66,104.424,98,105.63,265,105.319,247,0.475474,163
2002,"New Orleans",69.2056,184,69.78,159,95.046,262,96.1986,244,97.3407,76,97.0799,69,0.473806,164
2002,"Eastern Washington",69.7774,169,70.3044,139,97.5035,229,98.5003,207,98.3962,96,99.4537,124,0.472334,165
2002,"Morehead St.",70.9059,120,69.3455,175,105.588,77,103.546,112,105.31,256,104.685,240,0.468576,166
2002,"Old Dominion",66.5546,266,66.3791,274,100.518,170,100.21,168,99.63,133,101.314,165,0.468539,167
2002,UMKC,61.8588,321,61.9139,320,102.477,135,98.7356,202,99.4953,129,99.9182,137,0.465821,168
2002,Niagara,71.1313,109,70.9182,111,104.27,105,105.451,87,102.301,194,106.825,267,0.462852,169
2002,Furman,68.1074,226,66.7813,264,97.9547,216,98.0602,212,99.4818,127,99.4621,126,0.459279,170
2002,"Louisiana Monroe",71.5609,95,71.6726,88,97.7194,225,97.4702,222,99.1809,120,98.9392,109,0.4571,171
2002,IUPUI,70.5141,132,70.6199,123,101.984,143,99.3334,194,103.038,211,100.966,160,0.453261,172
2002,"James Madison",67.3276,244,67.4903,235,103.787,111,104.329,101,102.892,209,106.059,256,0.452869,173
2002,Drake,65.795,283,65.8649,286,104.776,92,104.72,97,107.262,290,106.543,262,0.45055,174
2002,"Northern Illinois",73.1918,54,73.7837,36,104.575,97,104.255,102,107.281,292,106.177,258,0.44767,175
2002,"Texas Pan American",73.939,36,73.5629,43,101.576,148,98.5937,205,98.604,97,100.489,146,0.44547,176
2002,"Cal Poly",67.6217,236,69.9358,152,100.747,160,99.5468,188,99.1185,116,101.542,172,0.443191,177
2002,"Long Beach St.",70.4365,137,71.8196,85,100.133,176,100.477,165,103.455,221,102.531,192,0.442083,178
2002,"Air Force",55.7833,327,55.6636,327,99.4506,190,101.109,153,106.81,283,103.21,205,0.441169,179
2002,Samford,58.8263,326,58.4774,326,102.498,134,100.013,175,102.183,189,102.201,184,0.438091,180
2002,"Boston University",64.9423,293,65.7428,287,102.029,141,99.345,192,97.0907,72,101.711,177,0.432735,181
2002,Buffalo,68.3058,217,69.2964,179,98.2737,207,96.9005,229,101.539,177,99.3011,117,0.430103,182
2002,"Cal St. Northridge",70.1939,147,71.2447,100,95.5829,252,96.3047,240,99.5662,130,98.7283,105,0.429026,183
2002,DePaul,73.9513,34,72.8303,56,95.6735,250,97.6881,218,103.478,222,100.19,139,0.427803,184
2002,"East Carolina",66.4586,270,66.2114,278,94.8845,266,98.9956,198,104.614,245,101.698,176,0.423197,185
2002,Jacksonville,68.2694,219,67.9911,226,100.866,157,96.8102,232,96.0947,59,99.4592,125,0.423005,186
2002,"Gardner Webb",76.5664,11,75.0582,17,100.65,165,99.3653,191,98.9146,105,102.12,183,0.422032,187
2002,Drexel,71.3567,103,72.1478,73,101.895,145,101.572,143,102.639,201,104.422,235,0.421102,188
2002,"Florida Atlantic",71.2762,104,71.2794,98,100.535,168,97.7031,216,99.0945,114,100.462,144,0.420619,189
2002,Wagner,76.4583,12,74.651,21,105.503,80,101.262,150,99.0568,111,104.146,229,0.419958,190
2002,"Northern Iowa",66.648,265,68.1554,219,105.433,81,105.184,91,108.903,308,108.219,290,0.418927,191
2002,"Boise St.",65.7546,284,66.7474,266,93.9495,282,96.239,242,99.4855,128,99.0327,113,0.418464,192
2002,"Austin Peay",69.9376,163,68.8797,198,98.0954,214,96.8593,231,102.489,199,99.816,132,0.414401,193
2002,"Cleveland St.",69.2478,182,70.2772,143,96.7541,240,95.2749,257,98.6516,99,98.4372,100,0.407211,194
2002,Fairfield,73.105,57,73.4024,45,97.4864,230,96.8643,230,99.2127,121,100.265,142,0.402088,195
2002,Vermont,68.3117,216,69.4976,169,108.83,34,102.416,127,98.6711,100,106.144,257,0.398638,196
2002,UTEP,69.686,173,69.248,181,97.6873,227,98.9472,199,103.645,226,102.59,193,0.397528,197
2002,Radford,71.1916,108,71.4867,92,97.7213,224,95.2269,258,94.4457,33,98.7558,108,0.396886,198
2002,"Penn St.",68.3911,210,69.9162,156,93.0851,289,96.2067,243,105.642,267,99.8903,136,0.393624,199
2002,American,65.2678,290,64.0705,310,100.246,175,100.041,173,98.0368,86,103.879,222,0.393419,200
2002,Centenary,68.8462,192,67.4616,236,100.124,177,100.166,169,102.028,186,104.027,225,0.392938,201
2002,"West Virginia",73.6201,44,74.0506,29,97.1416,235,100.527,163,107.227,289,104.413,234,0.392664,202
2002,"Sam Houston St.",74.3613,28,74.2682,23,99.3687,192,97.9135,213,97.5013,80,101.845,181,0.388718,203
2002,"Central Michigan",68.749,197,69.1622,186,99.822,183,98.6799,203,106.836,284,102.71,196,0.386912,204
2002,"Santa Clara",67.9222,228,67.6115,233,97.2652,234,99.4402,190,104.439,241,103.561,213,0.38533,205
2002,Rice,69.2301,183,69.1755,185,94.7062,270,95.3608,255,100.385,153,99.3601,121,0.384035,206
2002,"Middle Tennessee",67.858,232,67.1829,248,94.4733,273,94.0524,277,98.2959,92,98.0828,89,0.381652,207
2002,"Green Bay",62.5697,315,63.8181,311,103.818,110,102.87,122,108.104,300,107.479,278,0.376606,208
2002,Brown,72.1794,81,74.2474,24,105.168,86,103.357,116,102.421,197,108.054,285,0.374936,209
2002,"George Washington",70.9433,115,72.2098,69,97.8566,219,99.4823,189,105.775,269,104.045,226,0.373871,210
2002,Montana,69.894,164,69.7666,160,101.675,146,100.028,174,105.634,266,104.971,243,0.36477,211
2002,"Southern Utah",64.4554,305,65.0976,293,98.1355,213,98.3017,211,103.499,223,103.259,206,0.362205,212
2002,Iona,72.8534,61,72.3542,64,96.644,243,96.6244,235,98.3334,94,101.717,178,0.35647,213
2002,Winthrop,68.1951,224,67.1911,247,98.6665,203,95.1314,261,95.6731,52,100.19,140,0.355293,214
2002,"Southwest Texas St.",73.4815,48,71.8878,80,99.4611,189,98.3627,210,101.892,183,103.623,216,0.35454,215
2002,"Texas A&M",70.1262,152,69.3379,176,91.3707,304,95.4265,254,105.69,268,100.641,150,0.351635,216
2002,"Washington St.",72.1009,82,71.4498,93,97.3167,232,102.464,126,111.765,320,108.098,286,0.350797,217
2002,Belmont,67.0836,253,66.8123,263,107.093,55,106.87,69,111.824,321,112.754,318,0.350619,218
2002,Hofstra,71.8031,87,72.256,66,91.4163,303,92.7253,289,97.6769,83,97.9408,85,0.347669,219
2002,Bradley,64.5336,303,64.8307,296,92.9698,290,93.0861,285,99.6518,135,98.3314,98,0.347419,220
2002,Howard,72.3951,72,71.3692,95,103.155,121,100.044,172,100.495,156,105.684,251,0.347344,221
2002,"Western Carolina",74.7169,24,73.1763,49,97.9575,215,98.6437,204,104.15,236,104.438,237,0.341553,222
2002,Akron,66.7009,260,66.9678,256,102.65,128,104.219,103,110.837,313,110.388,305,0.340446,223
2002,Colgate,68.2127,222,68.5844,207,102.607,129,99.1537,195,100.966,167,105.044,245,0.339923,224
2002,Monmouth,68.7152,200,67.1465,250,98.3714,205,94.9026,265,98.1764,91,100.789,155,0.333573,225
2002,Fordham,74.7205,23,76.0035,9,94.8086,268,96.4707,239,105.487,260,102.467,189,0.33327,226
2002,UMBC,72.3858,74,72.1376,74,99.6442,188,94.5612,272,94.8954,39,100.483,145,0.332126,227
2002,"Eastern Illinois",73.1187,56,72.565,58,99.7184,186,100.557,162,107.86,297,106.855,268,0.33211,228
2002,"Appalachian St.",75.6738,17,73.8301,35,98.173,210,100.087,171,106.891,286,106.494,261,0.328812,229
2002,"William & Mary",66.6933,262,66.9167,258,94.0762,280,94.3571,274,101.121,170,100.434,143,0.327897,230
2002,Duquesne,67.1673,249,68.0343,224,94.0776,279,97.5757,220,106.856,285,103.862,221,0.327824,231
2002,Harvard,67.4698,240,69.4102,172,94.2442,275,92.6679,290,95.0796,42,98.7464,107,0.325057,232
2002,"Northern Arizona",68.2876,218,69.0727,188,96.0409,249,94.5066,273,99.1517,117,100.791,156,0.322922,233
2002,"Rhode Island",66.6614,264,66.0984,281,92.653,294,96.2765,241,106.366,278,102.685,195,0.322774,234
2002,"Northwestern St.",72.7482,65,71.8438,83,98.2148,209,99.0468,196,103.252,217,105.704,252,0.321228,235
2002,"Tennessee St.",75.2707,20,74.2028,26,102.511,133,101.284,148,108.33,303,108.214,289,0.318395,236
2002,"Indiana St.",64.4737,304,65.7307,288,95.2902,260,96.9172,228,104.836,248,103.648,217,0.316003,237
2002,FIU,66.6703,263,66.1011,280,93.7269,283,94.821,266,100.58,160,101.442,168,0.315128,238
2002,VMI,79.7171,3,79.2314,2,94.5983,272,97.1402,224,106.07,274,104.069,227,0.311678,239
2002,"Delaware St.",64.921,294,64.1389,309,100.652,164,97.6943,217,99.4325,126,104.734,242,0.309988,240
2002,"Alcorn St.",76.0521,16,74.0099,31,103.367,116,99.725,185,99.8855,139,107.105,271,0.305552,241
2002,Lamar,71.4698,98,70.8763,112,97.8067,222,96.5567,236,100.019,144,103.947,223,0.29982,242
2002,"Saint Mary's",66.9174,257,66.6758,268,89.0469,314,88.3836,314,96.8348,66,95.1789,39,0.299048,243
2002,"Jacksonville St.",67.5997,238,67.5603,234,102.552,130,99.9674,177,103.939,233,107.816,282,0.295426,244
2002,Lafayette,69.9662,161,71.9292,77,102.424,136,99.9378,179,102.744,206,107.878,283,0.293337,245
2002,Quinnipiac,75.6694,18,76.1553,7,103.436,115,99.3358,193,102.854,208,107.328,275,0.291117,246
2002,Columbia,60.1604,323,60.6893,323,90.9062,307,88.7696,313,94.3879,31,95.9169,48,0.290999,247
2002,"UT Arlington",73.8998,39,73.613,42,100.934,156,100.801,160,105.324,257,108.919,294,0.290945,248
2002,"Alabama A&M",81.6407,1,79.6383,1,97.8208,220,91.5966,300,90.6649,4,98.9967,112,0.290397,249
2002,"Portland St.",70.906,119,70.7523,117,101.328,152,102.66,125,111.103,315,110.957,307,0.290332,250
2002,"Tennessee Martin",73.6675,43,72.3629,63,99,197,97.5821,219,105.213,255,105.513,249,0.289323,251
2002,"St. Francis NY",76.1029,15,74.8122,20,104.416,99,98.4997,208,101.26,172,106.667,264,0.285757,252
2002,"Texas A&M Corpus Chris",75.5073,19,74.9033,19,99.8122,184,99.6976,186,103.841,231,108.042,284,0.284063,253
2002,"San Jose St.",64.3949,307,64.9474,295,94.6367,271,95.915,247,106.396,279,104.375,233,0.274468,254
2002,Wofford,69.6867,172,68.8515,199,89.4897,313,91.4832,301,101.52,176,99.6045,127,0.273269,255
2002,"UNC Asheville",71.5058,96,69.9718,150,96.8533,238,97.4964,221,102.599,200,106.36,259,0.268812,256
2002,"Stephen F. Austin",66.0314,278,64.5513,302,94.0407,281,92.0539,297,97.6523,81,100.674,151,0.263199,257
2002,Canisius,68.3153,215,67.8037,230,95.4745,256,94.72,270,100.178,148,103.835,219,0.257964,258
2002,"Western Illinois",69.8519,165,69.9195,154,102.235,139,100.409,167,108.705,307,110.358,304,0.25227,259
2002,"South Carolina St.",70.5956,130,69.7639,161,96.6501,242,94.7698,267,102.227,190,104.462,238,0.246046,260
2002,Denver,66.7681,259,67.3101,243,96.5173,246,96.4953,238,104.84,249,106.571,263,0.241931,261
2002,Bucknell,66.0688,277,66.9633,257,93.1399,288,93.9728,278,98.3036,93,103.791,218,0.241806,262
2002,"South Alabama",68.4867,208,68.2252,217,92.0615,301,93.4432,284,102.264,193,103.296,208,0.239978,263
2002,Evansville,69.1751,186,70.8416,114,96.4956,247,95.6326,252,109.064,310,105.924,254,0.235891,264
2002,"UC Riverside",67.48,239,69.0435,190,95.4006,259,96.6815,233,105.528,262,107.098,270,0.235642,265
2002,Portland,74.7126,25,75.1624,15,94.2218,276,94.3428,275,105.096,254,104.992,244,0.226193,266
2002,Towson,67.9487,227,68.2696,215,86.2263,320,89.5949,308,100.575,157,99.734,129,0.225675,267
2002,Stetson,73.1952,53,73.9287,32,97.5166,228,95.6933,251,107.56,293,106.693,265,0.222477,268
2002,"North Carolina A&T",72.392,73,72.392,62,92.3981,296,91.438,302,99.6072,132,101.953,182,0.222394,269
2002,Hartford,65.6048,286,66.87,260,92.1349,299,90.9835,304,98.8299,103,101.469,170,0.221942,270
2002,"Loyola Marymount",70.65,126,70.4225,130,96.6345,245,95.961,245,107.148,288,107.029,269,0.221782,271
2002,"Idaho St.",70.3385,142,70.3835,134,95.6411,251,94.5916,271,103.846,232,105.638,250,0.219224,272
2002,"Alabama St.",68.1969,223,64.7448,298,94.9003,264,89.1384,311,93.984,26,99.8097,130,0.214103,273
2002,"Southeast Missouri St.",69.8288,167,69.0132,191,100.956,154,99.7718,182,112.204,323,112.186,314,0.206094,274
2002,"Mississippi Valley St.",73.5812,45,71.0413,109,104.041,107,99.8654,180,107.077,287,112.422,315,0.203911,275
2002,Navy,70.9965,112,72.4436,59,94.8924,265,91.2927,303,100.301,150,102.89,199,0.201779,276
2002,"Florida A&M",70.9456,114,70.5411,125,92.7489,292,92.3182,295,102.254,192,104.373,232,0.19602,277
2002,"Sacramento St.",73.8644,41,75.0393,18,96.6349,244,94.738,268,104.235,238,107.479,279,0.189834,278
2002,"Charleston Southern",69.4637,179,68.6709,206,89.6161,312,89.2538,309,99.174,119,101.472,171,0.186125,279
2002,Elon,73.8678,40,73.7614,38,91.0008,306,89.1594,310,98.8536,104,101.459,169,0.184496,280
2002,"Robert Morris",68.78,195,67.0788,253,100.853,159,98.8252,201,107.846,296,112.488,316,0.184048,281
2002,Northeastern,72.3823,75,74.2111,25,97.7012,226,95.8798,248,103.14,216,109.46,297,0.178978,282
2002,Maine,64.9093,295,64.3824,305,96.3635,248,92.555,291,101.049,169,105.967,255,0.174182,283
2002,"New Hampshire",70.9389,116,72.1965,70,96.8875,237,95.8368,250,106.241,275,109.8,301,0.173045,284
2002,"Jackson St.",73.3074,52,71.4093,94,97.9117,218,95.1939,259,105.07,252,109.204,296,0.170945,285
2002,Idaho,59.9191,324,60.4491,324,89.7534,310,90.0721,306,104.177,237,103.369,210,0.170304,286
2002,"Bethune Cookman",70.8839,121,70.285,142,95.5532,254,93.6118,281,102.648,202,107.764,281,0.165331,287
2002,"Youngstown St.",67.8644,231,68.9695,195,93.3185,287,93.4545,283,110.688,312,107.608,280,0.164968,288
2002,Army,68.7967,194,69.6531,166,95.4034,258,93.736,279,103.339,219,108.118,287,0.162253,289
2002,"Sacred Heart",74.4677,26,72.9792,52,98.6765,202,96.5256,237,105.011,251,111.545,310,0.159344,290
2002,Binghamton,68.6147,205,68.9882,194,94.2047,277,92.4085,293,100.58,159,106.802,266,0.159124,291
2002,Mercer,69.7745,170,70.5182,126,94.4226,274,94.1324,276,111.12,316,108.877,293,0.157967,292
2002,"Cal St. Fullerton",66.2681,274,66.6826,267,91.718,302,92.7778,287,107.606,294,107.355,276,0.157324,293
2002,Campbell,69.2986,180,69.8443,158,100.011,181,99.6725,187,115.091,325,115.555,325,0.154412,294
2002,"Eastern Kentucky",73.952,33,71.9724,76,93.5469,285,92.4198,292,108.396,305,107.305,274,0.152216,295
2002,"Norfolk St.",72.2385,80,71.9212,78,92.9649,291,92.1297,296,102.692,204,107.216,272,0.148804,296
2002,"Maryland Eastern Shore",65.9355,279,66.0537,284,98.222,208,97.715,215,107.902,299,113.755,322,0.148311,297
2002,IPFW,74.9893,22,76.0887,8,94.7181,269,94.7293,269,109.98,311,110.556,306,0.144703,298
2002,"Birmingham Southern",64.4418,306,64.3244,306,95.0965,261,92.73,288,100.316,151,108.363,291,0.142871,299
2002,Lehigh,70.6062,128,72.232,67,92.3272,297,91.6761,299,103.12,214,107.387,277,0.13955,300
2002,"Texas Southern",72.3443,78,69.1975,184,95.514,255,95.0488,263,107.834,295,111.483,309,0.13776,301
2002,Dartmouth,62.2089,320,64.3133,307,99.0567,195,98.5441,206,112.088,322,115.771,326,0.135547,302
2002,"Eastern Michigan",68.5461,207,69.302,178,94.824,267,95.547,253,115.244,326,112.541,317,0.132097,303
2002,"Grambling St.",78.4771,6,75.8801,10,98.7255,200,95.8428,249,110.952,314,113.017,321,0.130618,304
2002,"Southeastern Louisiana",62.9616,314,62.1159,319,88.4812,316,88.3663,315,99.923,141,104.201,231,0.13061,305
2002,"High Point",69.6736,174,68.9338,196,95.5597,253,95.333,256,106.335,277,112.873,320,0.12541,306
2002,"St. Francis PA",67.8833,229,67.0279,255,92.55,295,87.5562,317,102.475,198,104.02,224,0.121161,307
2002,Cornell,64.806,299,66.6409,269,87.048,319,87.8474,316,103.439,220,104.725,241,0.117023,308
2002,"Coastal Carolina",73.9424,35,73.7156,39,94.119,278,95.1881,260,105.898,272,113.985,323,0.111801,309
2002,"Saint Peter's",72.7487,64,72.8439,55,89.6438,311,91.7858,298,106.751,282,110.187,303,0.10897,310
2002,"Stony Brook",67.6824,234,67.4483,238,90.0985,309,90.743,305,104.475,242,109.202,295,0.106272,311
2002,Lipscomb,72.5725,67,70.8658,113,92.6765,293,92.3569,294,108.181,301,111.302,308,0.104726,312
2002,Southern,77.0532,8,74.0608,28,96.9736,236,93.5035,282,109.009,309,112.863,319,0.103027,313
2002,Albany,63.7277,311,64.3119,308,88.9679,315,85.6673,322,101.134,171,103.561,214,0.101425,314
2002,"Loyola MD",67.7569,233,67.2879,245,85.1754,323,86.1772,320,101.457,174,104.463,239,0.098593,315
2002,"Coppin St.",65.8735,281,66.0617,283,87.7164,317,86.6671,319,104.047,234,105.202,246,0.097191,316
2002,"Prairie View A&M",78.4102,7,75.3574,12,91.094,305,89.8845,307,107.271,291,110.175,302,0.087803,317
2002,"Fairleigh Dickinson",72.5149,69,72.1776,72,95.4195,257,93.0513,286,108.241,302,114.453,324,0.084656,318
2002,"LIU Brooklyn",76.6163,10,76.2069,6,97.4024,231,97.1894,223,117.672,327,119.55,327,0.084604,319
2002,"Morgan St.",71.6788,90,71.5489,91,90.3069,308,88.9713,312,106.324,276,109.796,300,0.08177,320
2002,Liberty,73.9742,32,74.3384,22,85.6407,322,85.3075,323,104.629,246,108.164,288,0.061228,321
2002,"Nicholls St.",70.8043,123,70.2177,146,83.3346,324,86.1544,321,111.445,318,109.56,298,0.05931,322
2002,"Chicago St.",71.821,86,71.5565,90,86.0445,321,87.4253,318,113.511,324,112.014,313,0.054674,323
2002,"Mount St. Mary's",70.1032,154,68.9988,193,87.0517,318,85.1442,324,107.878,298,111.915,312,0.041326,324
2002,"Morris Brown",70.0084,158,69.4823,170,80.6534,326,84.849,325,111.658,319,111.908,311,0.039802,325
2002,"Arkansas Pine Bluff",80.2067,2,77.7309,5,82.6842,325,82.9331,326,105.805,270,109.629,299,0.03882,326
2002,"Savannah St.",70.0803,157,68.776,203,76.7245,327,77.9054,327,106.468,281,105.769,253,0.028853,327
